opponent,game_date,game_score
ATL,1996-11-10,0
ATL,1997-02-28,0
ATL,1997-12-19,11
ATL,1998-01-02,12
ATL,1999-12-16,16
ATL,2001-03-19,16
ATL,2002-01-29,20
ATL,2002-02-15,14
ATL,2002-11-12,14
ATL,2003-03-25,21
ATL,2004-01-09,20
ATL,2004-11-07,11
ATL,2005-11-08,18
ATL,2006-02-15,26
ATL,2007-02-05,20
ATL,2008-02-06,8
ATL,2008-02-19,17
ATL,2009-02-17,10
ATL,2009-03-29,11
ATL,2009-11-01,29
ATL,2010-03-31,22
ATL,2011-02-22,10
ATL,2011-03-08,13
ATL,2012-02-14,10
ATL,2013-03-03,24
ATL,2013-03-13,24
ATL,2013-12-16,6
ATL,2014-11-18,21
ATL,2015-12-04,5
BKN,2012-11-20,13
BKN,2013-02-05,16
BKN,2015-11-06,9
BOS,1996-11-27,2
BOS,1997-11-26,11
BOS,1997-12-28,8
BOS,1999-12-20,19
BOS,2000-02-25,12
BOS,2002-02-19,17
BOS,2002-04-05,10
BOS,2002-11-07,24
BOS,2003-03-21,2
BOS,2003-12-28,9
BOS,2004-03-10,8
BOS,2005-02-22,10
BOS,2005-03-02,17
BOS,2006-02-26,21
BOS,2006-03-20,28
BOS,2007-01-31,26
BOS,2007-02-23,29
BOS,2007-11-23,17
BOS,2007-12-30,10
BOS,2008-06-05,16
BOS,2008-06-08,23
BOS,2008-06-10,19
BOS,2008-06-12,6
BOS,2008-06-15,20
BOS,2008-06-17,17
BOS,2008-12-25,27
BOS,2009-02-05,17
BOS,2010-01-31,17
BOS,2010-06-03,19
BOS,2010-06-06,18
BOS,2010-06-08,19
BOS,2010-06-10,21
BOS,2010-06-13,23
BOS,2010-06-15,13
BOS,2010-06-17,10
BOS,2011-01-30,29
BOS,2011-02-10,14
BOS,2012-02-09,14
BOS,2012-03-11,19
BOS,2013-02-07,14
BOS,2013-02-20,10
BOS,2014-12-05,17
BOS,2015-12-30,7
BOS,2016-04-03,13
CHA,1996-11-06,5
CHA,1997-01-08,8
CHA,1997-12-20,6
CHA,1998-01-11,2
CHA,1999-02-16,12
CHA,2000-01-07,8
CHA,2000-02-16,14
CHA,2001-02-02,22
CHA,2001-02-16,8
CHA,2002-02-22,10
CHA,2002-03-12,14
CHA,2005-03-12,24
CHA,2005-12-04,16
CHA,2006-02-03,24
CHA,2006-12-29,35
CHA,2007-01-26,19
CHA,2008-02-11,22
CHA,2008-03-26,16
CHA,2009-01-27,29
CHA,2009-03-31,20
CHA,2010-02-03,5
CHA,2010-03-05,14
CHA,2011-02-14,13
CHA,2011-03-04,17
CHA,2012-01-31,20
CHA,2012-12-18,18
CHA,2013-02-08,10
CHA,2013-12-14,13
CHA,2014-11-09,15
CHA,2015-12-28,11
CHA,2016-01-31,20
CHI,1996-12-17,5
CHI,1997-02-05,5
CHI,1997-12-17,21
CHI,1998-02-01,14
CHI,2000-02-15,13
CHI,2000-11-19,14
CHI,2002-01-12,16
CHI,2002-02-06,25
CHI,2002-11-22,11
CHI,2003-03-11,25
CHI,2003-11-21,12
CHI,2004-03-13,21
CHI,2004-11-21,19
CHI,2004-12-01,18
CHI,2005-11-20,27
CHI,2005-12-09,16
CHI,2006-11-19,9
CHI,2006-12-19,8
CHI,2007-11-18,12
CHI,2007-12-18,10
CHI,2008-11-18,19
CHI,2009-03-21,20
CHI,2009-11-19,10
CHI,2009-12-15,27
CHI,2010-11-23,8
CHI,2010-12-10,19
CHI,2011-12-25,20
CHI,2013-01-21,12
CHI,2013-03-10,15
CHI,2016-01-28,10
CHI,2016-02-21,11
CLE,1997-02-19,5
CLE,1997-03-20,0
CLE,1997-12-07,12
CLE,1998-04-03,7
CLE,1999-03-18,8
CLE,2000-01-19,6
CLE,2000-02-23,19
CLE,2001-01-12,16
CLE,2001-01-30,16
CLE,2002-02-21,22
CLE,2002-03-26,11
CLE,2002-11-05,9
CLE,2003-01-10,12
CLE,2004-01-12,6
CLE,2005-01-13,2
CLE,2005-02-13,13
CLE,2006-01-12,13
CLE,2006-03-19,29
CLE,2007-02-11,23
CLE,2007-02-15,20
CLE,2007-12-20,16
CLE,2008-01-27,16
CLE,2009-01-19,15
CLE,2009-02-08,10
CLE,2009-12-25,21
CLE,2010-01-21,24
CLE,2011-01-11,9
CLE,2011-02-16,12
CLE,2012-01-13,26
CLE,2012-12-11,26
CLE,2013-01-13,11
CLE,2015-01-15,13
CLE,2016-02-10,13
CLE,2016-03-10,25
DAL,1997-01-20,4
DAL,1997-01-28,8
DAL,1997-03-04,0
DAL,1997-04-06,5
DAL,1997-12-14,25
DAL,1998-04-14,11
DAL,1998-04-17,7
DAL,1999-02-17,14
DAL,1999-03-22,10
DAL,1999-05-03,4
DAL,1999-12-27,17
DAL,2000-04-18,11
DAL,2000-12-03,27
DAL,2000-12-22,21
DAL,2001-02-20,10
DAL,2001-12-05,18
DAL,2002-02-03,20
DAL,2002-03-17,11
DAL,2002-03-19,8
DAL,2002-11-19,14
DAL,2002-12-06,21
DAL,2003-04-03,14
DAL,2003-04-08,9
DAL,2003-12-04,18
DAL,2003-12-12,6
DAL,2005-01-05,23
DAL,2005-03-04,24
DAL,2005-03-10,26
DAL,2005-04-17,21
DAL,2005-12-12,26
DAL,2005-12-20,34
DAL,2006-02-07,13
DAL,2006-12-13,19
DAL,2007-01-07,16
DAL,2007-01-18,14
DAL,2007-03-11,12
DAL,2008-01-25,18
DAL,2008-03-02,26
DAL,2008-03-18,26
DAL,2008-04-04,12
DAL,2008-11-11,18
DAL,2008-11-28,29
DAL,2009-03-15,22
DAL,2009-10-30,13
DAL,2010-01-03,11
DAL,2010-01-13,10
DAL,2010-02-24,18
DAL,2011-01-19,16
DAL,2011-03-12,12
DAL,2011-03-31,14
DAL,2011-05-02,24
DAL,2011-05-04,19
DAL,2011-05-06,12
DAL,2011-05-08,8
DAL,2012-01-16,14
DAL,2012-02-22,8
DAL,2012-03-21,20
DAL,2012-10-30,20
DAL,2012-11-24,9
DAL,2013-02-24,27
DAL,2013-04-02,14
DAL,2014-11-21,13
DAL,2015-11-01,8
DAL,2015-11-13,14
DEN,1996-12-01,2
DEN,1997-02-13,7
DEN,1997-03-17,6
DEN,1997-04-02,4
DEN,1997-12-03,7
DEN,1998-01-14,7
DEN,1998-02-19,14
DEN,1998-03-23,13
DEN,1999-02-10,11
DEN,1999-02-22,13
DEN,1999-04-05,13
DEN,2000-01-10,15
DEN,2000-02-07,18
DEN,2000-03-13,12
DEN,2000-11-14,17
DEN,2000-11-18,23
DEN,2001-02-28,32
DEN,2001-04-17,11
DEN,2001-11-21,19
DEN,2001-11-25,14
DEN,2002-01-02,18
DEN,2002-01-22,12
DEN,2002-12-28,21
DEN,2003-02-11,23
DEN,2003-02-12,24
DEN,2003-04-15,17
DEN,2003-12-19,8
DEN,2004-01-07,17
DEN,2004-02-25,25
DEN,2004-11-02,11
DEN,2005-01-02,28
DEN,2005-01-12,9
DEN,2005-03-24,10
DEN,2005-11-02,22
DEN,2005-11-06,22
DEN,2006-04-06,27
DEN,2007-01-05,0
DEN,2007-03-15,16
DEN,2007-04-03,20
DEN,2007-04-09,17
DEN,2007-11-29,20
DEN,2007-12-05,12
DEN,2008-01-21,11
DEN,2008-04-20,11
DEN,2008-04-23,36
DEN,2008-04-26,12
DEN,2008-04-28,24
DEN,2008-11-01,21
DEN,2008-11-21,19
DEN,2009-02-27,18
DEN,2009-04-09,19
DEN,2009-05-19,24
DEN,2009-05-21,18
DEN,2009-05-23,18
DEN,2009-05-25,20
DEN,2009-05-27,13
DEN,2009-05-29,24
DEN,2009-11-13,11
DEN,2010-02-05,24
DEN,2010-02-28,6
DEN,2010-11-11,18
DEN,2011-01-21,14
DEN,2011-04-03,20
DEN,2011-12-31,10
DEN,2012-01-01,8
DEN,2012-02-03,13
DEN,2012-04-29,16
DEN,2012-05-01,30
DEN,2012-05-04,13
DEN,2012-05-06,16
DEN,2012-05-08,25
DEN,2012-05-10,23
DEN,2012-05-12,16
DEN,2012-11-30,8
DEN,2012-12-26,18
DEN,2013-01-06,20
DEN,2013-02-25,22
DEN,2014-11-23,18
DEN,2014-12-30,10
DEN,2015-11-03,9
DEN,2015-12-22,20
DEN,2016-03-02,3
DEN,2016-03-25,17
DET,1996-11-29,0
DET,1997-01-18,15
DET,1998-03-08,4
DET,1998-04-05,4
DET,1999-12-12,12
DET,2000-03-17,18
DET,2000-12-10,24
DET,2001-03-15,31
DET,2002-01-08,14
DET,2002-03-22,10
DET,2003-02-27,16
DET,2003-03-12,12
DET,2003-11-14,12
DET,2003-11-18,4
DET,2004-06-06,12
DET,2004-06-08,27
DET,2004-06-10,8
DET,2004-06-13,15
DET,2004-06-15,12
DET,2005-02-25,11
DET,2006-01-29,27
DET,2006-03-04,25
DET,2006-11-10,11
DET,2007-02-08,12
DET,2007-11-16,12
DET,2008-01-31,26
DET,2008-11-14,22
DET,2009-03-26,17
DET,2009-11-17,31
DET,2009-12-20,23
DET,2010-11-17,21
DET,2011-01-04,12
DET,2012-03-06,11
DET,2012-11-04,13
DET,2013-02-03,12
DET,2014-12-02,7
DET,2015-11-15,8
DET,2015-12-06,3
GSW,1996-11-19,0
GSW,1997-01-24,7
GSW,1997-03-12,11
GSW,1997-04-08,18
GSW,1997-11-09,24
GSW,1997-12-10,16
GSW,1998-02-11,8
GSW,1998-04-11,10
GSW,1999-03-12,12
GSW,1999-04-03,10
GSW,1999-04-20,21
GSW,1999-12-01,10
GSW,2000-03-09,19
GSW,2000-03-22,11
GSW,2000-04-05,4
GSW,2000-11-22,28
GSW,2000-12-06,32
GSW,2001-03-04,16
GSW,2001-03-06,15
GSW,2001-11-23,18
GSW,2001-12-16,16
GSW,2001-12-26,31
GSW,2002-03-14,14
GSW,2002-11-15,28
GSW,2002-12-10,13
GSW,2003-01-22,19
GSW,2003-04-16,26
GSW,2003-11-02,14
GSW,2003-12-23,19
GSW,2004-02-18,22
GSW,2004-04-13,20
GSW,2004-12-03,4
GSW,2005-04-18,12
GSW,2006-01-14,23
GSW,2006-01-27,12
GSW,2006-03-03,23
GSW,2006-04-11,16
GSW,2007-01-22,26
GSW,2007-02-25,16
GSW,2007-03-25,32
GSW,2007-12-09,18
GSW,2007-12-14,12
GSW,2008-03-23,21
GSW,2008-03-24,15
GSW,2008-12-28,21
GSW,2009-01-07,13
GSW,2009-02-18,13
GSW,2009-03-19,15
GSW,2009-11-28,13
GSW,2009-12-29,17
GSW,2010-03-15,20
GSW,2010-10-31,12
GSW,2010-11-21,14
GSW,2011-01-12,28
GSW,2011-04-06,21
GSW,2012-01-06,22
GSW,2012-03-27,19
GSW,2012-04-01,33
GSW,2012-11-09,20
GSW,2012-12-22,30
GSW,2013-03-25,20
GSW,2013-04-12,12
GSW,2014-11-01,20
GSW,2014-11-16,28
GSW,2015-11-24,3
GSW,2016-01-14,6
GSW,2016-03-06,6
HOU,1996-11-12,2
HOU,1997-03-07,4
HOU,1997-12-12,8
HOU,1997-12-22,11
HOU,1998-02-15,12
HOU,1999-02-05,16
HOU,1999-02-28,14
HOU,1999-04-26,7
HOU,1999-05-09,11
HOU,1999-05-11,17
HOU,1999-05-13,9
HOU,1999-05-15,15
HOU,2000-01-30,8
HOU,2000-02-27,21
HOU,2000-11-07,13
HOU,2000-11-12,23
HOU,2000-12-21,35
HOU,2001-01-19,20
HOU,2001-11-15,22
HOU,2001-12-20,19
HOU,2001-12-30,10
HOU,2002-11-17,31
HOU,2003-01-17,12
HOU,2003-02-18,30
HOU,2003-03-26,16
HOU,2003-12-25,17
HOU,2004-02-11,9
HOU,2004-03-03,14
HOU,2004-04-01,17
HOU,2004-04-17,7
HOU,2004-04-19,16
HOU,2004-04-23,12
HOU,2004-04-25,12
HOU,2004-04-28,19
HOU,2004-11-13,12
HOU,2005-01-07,17
HOU,2005-04-07,10
HOU,2005-12-18,11
HOU,2006-02-08,21
HOU,2006-04-02,27
HOU,2006-12-12,18
HOU,2006-12-15,34
HOU,2007-01-10,10
HOU,2007-03-30,39
HOU,2007-10-30,25
HOU,2007-11-14,20
HOU,2008-03-16,22
HOU,2008-11-09,19
HOU,2009-01-13,21
HOU,2009-03-11,28
HOU,2009-04-03,15
HOU,2009-05-04,23
HOU,2009-05-06,27
HOU,2009-05-08,24
HOU,2009-05-10,10
HOU,2009-05-12,17
HOU,2009-05-14,19
HOU,2009-05-17,7
HOU,2009-11-04,26
HOU,2009-11-15,6
HOU,2010-01-05,15
HOU,2010-03-27,13
HOU,2010-10-26,12
HOU,2010-12-01,16
HOU,2011-02-01,22
HOU,2012-01-03,27
HOU,2012-03-20,18
HOU,2012-04-06,12
HOU,2012-11-18,19
HOU,2012-12-04,21
HOU,2013-01-08,14
HOU,2014-10-28,10
HOU,2014-11-19,15
HOU,2015-12-12,22
HOU,2015-12-17,20
HOU,2016-01-17,5
HOU,2016-04-10,22
IND,1997-03-02,6
IND,1998-02-25,0
IND,1998-03-04,6
IND,1999-02-14,11
IND,2000-01-14,8
IND,2000-03-03,13
IND,2000-06-07,10
IND,2000-06-09,2
IND,2000-06-14,22
IND,2000-06-16,8
IND,2000-06-19,14
IND,2000-11-28,19
IND,2001-02-18,18
IND,2002-01-09,17
IND,2002-03-01,14
IND,2003-02-04,15
IND,2003-03-05,16
IND,2003-11-30,9
IND,2005-03-06,20
IND,2005-03-18,9
IND,2006-01-09,19
IND,2006-02-01,14
IND,2006-12-04,15
IND,2007-02-02,13
IND,2007-11-20,18
IND,2008-01-06,15
IND,2008-12-02,18
IND,2009-01-09,21
IND,2010-01-27,21
IND,2010-03-02,6
IND,2010-11-28,28
IND,2010-12-15,24
IND,2012-01-22,24
IND,2012-11-27,22
IND,2013-03-15,0
IND,2014-12-15,18
IND,2015-01-04,13
IND,2015-11-29,10
IND,2016-02-08,11
LAC,1996-11-15,2
LAC,1997-02-04,4
LAC,1997-03-14,15
LAC,1997-11-23,16
LAC,1997-12-26,14
LAC,1998-01-09,6
LAC,1998-03-12,5
LAC,1999-02-25,4
LAC,1999-02-26,10
LAC,1999-03-09,8
LAC,1999-03-10,8
LAC,1999-12-14,8
LAC,2000-01-04,20
LAC,2000-01-05,20
LAC,2000-03-06,19
LAC,2000-11-05,11
LAC,2000-11-27,22
LAC,2000-12-30,14
LAC,2001-01-07,18
LAC,2001-11-20,15
LAC,2001-12-14,16
LAC,2002-01-23,22
LAC,2002-03-15,20
LAC,2002-11-01,14
LAC,2003-01-20,15
LAC,2003-02-25,19
LAC,2003-03-17,8
LAC,2004-01-04,25
LAC,2004-03-17,23
LAC,2004-03-19,18
LAC,2004-11-17,14
LAC,2004-12-11,27
LAC,2005-03-08,21
LAC,2005-11-18,14
LAC,2006-01-07,41
LAC,2006-02-24,26
LAC,2006-04-09,26
LAC,2006-11-21,23
LAC,2006-12-02,18
LAC,2007-04-04,22
LAC,2007-04-12,25
LAC,2007-12-16,24
LAC,2008-02-23,10
LAC,2008-03-07,10
LAC,2008-04-10,8
LAC,2008-10-29,10
LAC,2008-11-05,14
LAC,2009-01-21,10
LAC,2009-04-05,13
LAC,2009-10-27,18
LAC,2010-01-06,14
LAC,2010-01-15,20
LAC,2010-12-08,19
LAC,2011-01-16,10
LAC,2011-02-25,16
LAC,2011-03-25,17
LAC,2012-01-14,28
LAC,2012-01-25,12
LAC,2012-04-04,22
LAC,2012-11-02,24
LAC,2013-01-04,31
LAC,2013-02-14,10
LAC,2013-04-07,11
LAC,2014-10-31,10
LAC,2015-01-07,4
LAC,2015-12-25,11
LAC,2016-04-05,2
LAC,2016-04-06,9
MEM,2001-11-09,11
MEM,2001-12-21,24
MEM,2002-01-14,39
MEM,2002-02-01,10
MEM,2002-11-29,34
MEM,2002-12-03,23
MEM,2003-03-31,18
MEM,2003-04-04,14
MEM,2003-11-10,8
MEM,2003-11-23,13
MEM,2004-04-09,17
MEM,2004-11-10,7
MEM,2004-12-20,4
MEM,2005-04-03,6
MEM,2005-11-14,10
MEM,2005-12-14,16
MEM,2005-12-28,25
MEM,2006-02-11,21
MEM,2006-11-12,13
MEM,2007-01-09,10
MEM,2007-03-22,31
MEM,2007-03-27,12
MEM,2008-01-08,15
MEM,2008-01-13,23
MEM,2008-03-28,44
MEM,2008-12-22,17
MEM,2009-01-31,16
MEM,2009-03-03,21
MEM,2009-04-12,12
MEM,2009-11-06,32
MEM,2010-02-01,33
MEM,2010-02-23,29
MEM,2010-11-02,15
MEM,2010-11-30,17
MEM,2011-01-02,14
MEM,2011-02-07,8
MEM,2012-01-08,23
MEM,2012-03-13,21
MEM,2012-03-25,11
MEM,2012-11-23,8
MEM,2013-01-23,22
MEM,2013-04-05,18
MEM,2013-12-17,17
MEM,2014-11-11,21
MEM,2014-11-26,8
MEM,2015-01-02,12
MEM,2015-12-27,12
MEM,2016-02-24,7
MEM,2016-03-22,12
MIA,1997-01-10,2
MIA,1997-11-25,11
MIA,1998-01-17,11
MIA,2000-03-05,9
MIA,2000-03-20,16
MIA,2000-12-19,18
MIA,2001-01-21,19
MIA,2002-01-16,20
MIA,2002-04-07,10
MIA,2002-11-26,15
MIA,2003-01-12,18
MIA,2003-11-16,12
MIA,2004-12-25,23
MIA,2005-03-17,16
MIA,2005-12-25,14
MIA,2006-01-16,23
MIA,2006-12-25,6
MIA,2007-01-15,18
MIA,2008-02-10,18
MIA,2008-02-28,10
MIA,2008-12-19,19
MIA,2009-01-11,10
MIA,2009-12-04,23
MIA,2010-03-04,28
MIA,2010-12-25,13
MIA,2011-03-10,15
MIA,2012-01-19,15
MIA,2012-03-04,26
MIA,2013-01-17,12
MIA,2013-02-10,18
MIA,2015-01-13,6
MIA,2016-03-30,2
MIL,1997-03-26,13
MIL,1998-01-07,8
MIL,1998-02-24,7
MIL,2000-01-12,14
MIL,2000-01-28,15
MIL,2000-12-12,19
MIL,2001-03-21,8
MIL,2001-11-27,19
MIL,2002-02-26,20
MIL,2002-11-24,8
MIL,2003-03-15,8
MIL,2003-11-04,16
MIL,2004-03-21,10
MIL,2004-11-23,16
MIL,2004-11-30,8
MIL,2005-12-06,28
MIL,2006-03-24,25
MIL,2006-11-28,17
MIL,2007-11-21,14
MIL,2008-01-11,24
MIL,2008-12-07,12
MIL,2009-04-01,17
MIL,2009-12-16,25
MIL,2010-01-10,8
MIL,2010-11-16,18
MIL,2010-12-21,14
MIL,2012-01-28,16
MIL,2013-01-15,18
MIL,2013-03-28,10
MIL,2015-12-15,13
MIL,2016-02-22,5
MIN,1996-11-03,0
MIN,1996-12-08,4
MIN,1996-12-21,5
MIN,1997-02-12,0
MIN,1997-11-19,13
MIN,1997-12-16,12
MIN,1998-01-30,12
MIN,1998-02-27,9
MIN,1999-02-11,16
MIN,1999-03-16,6
MIN,1999-04-09,13
MIN,1999-12-17,16
MIN,2000-01-15,14
MIN,2000-02-09,20
MIN,2000-04-16,14
MIN,2000-11-24,23
MIN,2001-01-31,11
MIN,2001-04-12,24
MIN,2001-12-01,11
MIN,2002-01-11,12
MIN,2002-02-27,16
MIN,2002-04-11,14
MIN,2002-12-01,14
MIN,2002-12-17,8
MIN,2003-03-07,20
MIN,2003-03-14,17
MIN,2003-04-20,29
MIN,2003-04-22,16
MIN,2003-04-24,12
MIN,2003-04-27,14
MIN,2003-04-29,21
MIN,2003-05-01,20
MIN,2004-01-06,12
MIN,2004-03-12,13
MIN,2004-03-26,26
MIN,2004-05-21,16
MIN,2004-05-23,16
MIN,2004-05-25,12
MIN,2004-05-27,17
MIN,2004-05-29,19
MIN,2004-05-31,11
MIN,2005-01-10,19
MIN,2005-03-31,15
MIN,2005-11-09,20
MIN,2005-12-02,17
MIN,2005-12-10,19
MIN,2006-03-15,18
MIN,2006-11-07,10
MIN,2006-12-20,18
MIN,2007-03-06,27
MIN,2007-03-18,32
MIN,2007-11-09,17
MIN,2007-12-04,9
MIN,2008-02-13,14
MIN,2008-12-14,13
MIN,2009-01-30,23
MIN,2009-02-22,18
MIN,2009-03-06,10
MIN,2009-12-11,13
MIN,2010-03-19,4
MIN,2010-11-09,22
MIN,2010-11-19,14
MIN,2011-03-01,12
MIN,2011-03-18,12
MIN,2012-01-29,28
MIN,2012-02-29,18
MIN,2012-03-09,20
MIN,2012-03-16,23
MIN,2013-02-01,9
MIN,2013-02-28,26
MIN,2013-03-27,17
MIN,2014-11-28,16
MIN,2014-12-14,13
MIN,2015-10-28,19
MIN,2015-12-09,11
MIN,2016-02-02,21
NJN,1997-03-09,5
NJN,1997-03-24,4
NJN,1998-01-28,20
NJN,1998-04-02,13
NJN,2000-02-22,18
NJN,2001-01-26,14
NJN,2001-02-13,25
NJN,2002-04-03,16
NJN,2002-06-05,10
NJN,2002-06-07,18
NJN,2002-06-09,23
NJN,2002-06-12,14
NJN,2002-12-19,10
NJN,2003-01-24,9
NJN,2004-02-29,10
NJN,2005-11-27,25
NJN,2006-03-17,13
NJN,2006-11-26,11
NJN,2006-12-22,10
NJN,2007-11-25,13
NJN,2008-02-05,6
NJN,2008-11-25,10
NJN,2009-03-27,10
NJN,2009-11-29,25
NJN,2009-12-19,14
NJN,2010-12-12,15
NJN,2011-01-14,16
NJN,2012-04-03,20
NOH,2002-12-13,10
NOH,2003-01-15,22
NOH,2003-11-07,4
NOH,2004-03-30,14
NOH,2007-11-06,22
NOH,2008-01-09,11
NOH,2008-03-14,20
NOH,2008-04-11,16
NOH,2008-11-12,7
NOH,2008-12-23,10
NOH,2009-01-06,26
NOH,2009-02-20,21
NOH,2009-11-08,20
NOH,2009-12-01,6
NOH,2010-03-29,17
NOH,2010-12-29,16
NOH,2011-01-07,17
NOH,2011-02-05,19
NOH,2011-03-27,21
NOH,2011-04-17,24
NOH,2011-04-20,6
NOH,2011-04-22,19
NOH,2011-04-24,10
NOH,2011-04-26,12
NOH,2011-04-28,9
NOH,2012-03-14,18
NOH,2012-03-31,7
NOH,2012-12-05,19
NOH,2013-01-29,6
NOH,2013-03-06,25
NOH,2013-04-09,11
NOP,2004-11-09,12
NOP,2004-11-28,13
NOP,2004-12-22,19
NOP,2006-02-04,29
NOP,2006-03-08,17
NOP,2006-03-26,19
NOP,2006-04-19,28
NOP,2006-12-06,13
NOP,2007-01-20,17
NOP,2007-03-23,26
NOP,2014-11-12,25
NOP,2014-12-07,8
NOP,2015-01-21,9
NOP,2016-01-12,4
NOP,2016-02-04,13
NOP,2016-04-08,11
NYK,1996-11-05,0
NYK,1997-02-23,0
NYK,1997-11-07,2
NYK,1998-03-01,7
NYK,1999-03-28,20
NYK,2000-03-19,13
NYK,2000-04-02,8
NYK,2001-01-28,21
NYK,2001-04-01,0
NYK,2002-02-24,19
NYK,2002-03-10,10
NYK,2003-02-06,30
NYK,2003-02-16,29
NYK,2003-11-19,14
NYK,2003-12-09,12
NYK,2005-02-28,13
NYK,2005-03-29,23
NYK,2005-11-16,26
NYK,2006-01-31,12
NYK,2007-02-13,18
NYK,2007-12-23,26
NYK,2008-01-29,19
NYK,2008-12-16,25
NYK,2009-02-02,39
NYK,2009-11-24,29
NYK,2010-01-22,19
NYK,2011-01-09,23
NYK,2011-02-11,22
NYK,2011-12-29,19
NYK,2012-02-10,17
NYK,2012-12-13,22
NYK,2012-12-25,25
NYK,2015-11-08,12
NYK,2016-03-13,11
OKC,2009-02-10,24
OKC,2009-02-24,18
OKC,2009-03-24,11
OKC,2009-11-03,17
OKC,2009-11-22,20
OKC,2009-12-22,20
OKC,2010-03-26,4
OKC,2010-04-18,11
OKC,2010-04-20,14
OKC,2010-04-22,17
OKC,2010-04-24,9
OKC,2010-04-27,8
OKC,2010-04-30,25
OKC,2011-01-17,9
OKC,2011-02-27,15
OKC,2011-04-10,16
OKC,2012-02-23,12
OKC,2012-03-29,15
OKC,2012-04-22,18
OKC,2012-05-14,15
OKC,2012-05-16,18
OKC,2012-05-18,18
OKC,2012-05-19,18
OKC,2012-05-21,33
OKC,2012-12-07,21
OKC,2013-01-11,18
OKC,2013-01-27,14
OKC,2013-03-05,19
OKC,2013-12-13,4
OKC,2014-12-19,2
OKC,2015-12-23,16
OKC,2016-01-08,14
OKC,2016-04-11,9
ORL,1997-03-23,6
ORL,1998-01-19,7
ORL,1998-02-22,12
ORL,1999-03-21,23
ORL,1999-12-05,14
ORL,2000-02-18,9
ORL,2001-03-18,6
ORL,2001-11-11,14
ORL,2002-01-30,18
ORL,2002-11-27,28
ORL,2002-12-15,8
ORL,2004-03-15,28
ORL,2004-11-12,24
ORL,2004-12-12,10
ORL,2005-12-23,10
ORL,2006-02-28,20
ORL,2006-12-27,14
ORL,2007-01-12,16
ORL,2007-12-02,20
ORL,2008-02-08,18
ORL,2008-12-20,28
ORL,2009-01-16,19
ORL,2009-06-04,28
ORL,2009-06-07,16
ORL,2009-06-09,26
ORL,2009-06-11,20
ORL,2009-06-14,17
ORL,2010-01-18,6
ORL,2010-03-07,21
ORL,2011-02-13,15
ORL,2011-03-14,10
ORL,2012-01-20,19
ORL,2012-12-02,20
ORL,2013-03-12,7
PHI,1996-11-26,10
PHI,1996-12-29,0
PHI,1997-11-28,14
PHI,1998-01-04,9
PHI,1999-03-19,17
PHI,2000-02-20,14
PHI,2000-03-31,8
PHI,2000-12-05,29
PHI,2001-02-14,13
PHI,2001-06-06,12
PHI,2001-06-08,19
PHI,2001-06-10,24
PHI,2001-06-13,6
PHI,2001-06-15,16
PHI,2001-12-25,10
PHI,2002-01-27,16
PHI,2002-12-20,26
PHI,2003-03-09,12
PHI,2004-02-20,12
PHI,2005-03-15,7
PHI,2005-03-27,24
PHI,2005-11-11,14
PHI,2006-01-06,38
PHI,2006-12-31,27
PHI,2007-03-09,22
PHI,2007-12-21,12
PHI,2008-01-04,10
PHI,2008-12-03,21
PHI,2009-03-17,11
PHI,2010-01-29,20
PHI,2010-02-26,10
PHI,2010-12-17,2
PHI,2010-12-31,23
PHI,2012-02-06,19
PHI,2012-12-16,22
PHI,2013-01-01,27
PHI,2015-12-01,10
PHX,1996-11-17,11
PHX,1996-12-25,0
PHX,1997-04-11,7
PHX,1998-01-21,15
PHX,1998-02-18,6
PHX,1998-03-18,2
PHX,1998-04-10,6
PHX,1999-03-01,6
PHX,1999-03-03,22
PHX,1999-03-24,18
PHX,1999-04-02,12
PHX,1999-12-29,16
PHX,2000-03-24,19
PHX,2000-05-07,15
PHX,2000-05-10,6
PHX,2000-05-12,12
PHX,2000-05-14,14
PHX,2000-05-16,9
PHX,2000-12-28,25
PHX,2001-02-07,25
PHX,2001-04-10,12
PHX,2001-11-02,16
PHX,2001-11-16,11
PHX,2002-01-04,10
PHX,2002-03-27,14
PHX,2003-01-04,28
PHX,2003-01-05,15
PHX,2003-01-29,20
PHX,2003-04-06,17
PHX,2003-11-01,8
PHX,2003-12-21,2
PHX,2004-02-22,28
PHX,2004-11-19,21
PHX,2004-12-08,18
PHX,2005-04-11,10
PHX,2005-11-03,18
PHX,2006-01-20,24
PHX,2006-04-07,35
PHX,2006-04-16,23
PHX,2006-04-23,12
PHX,2006-04-26,25
PHX,2006-04-28,10
PHX,2006-04-30,18
PHX,2006-05-02,21
PHX,2006-05-04,39
PHX,2006-05-06,17
PHX,2007-03-04,19
PHX,2007-04-08,27
PHX,2007-04-13,13
PHX,2007-04-22,26
PHX,2007-04-24,11
PHX,2007-04-26,26
PHX,2007-04-29,17
PHX,2007-05-02,26
PHX,2007-11-02,11
PHX,2007-12-25,23
PHX,2008-01-17,22
PHX,2008-02-20,33
PHX,2008-11-20,15
PHX,2008-12-10,10
PHX,2009-02-26,17
PHX,2009-03-01,35
PHX,2009-11-12,20
PHX,2009-12-06,20
PHX,2009-12-28,29
PHX,2010-03-12,13
PHX,2010-05-17,29
PHX,2010-05-19,13
PHX,2010-05-23,23
PHX,2010-05-25,34
PHX,2010-05-27,16
PHX,2010-05-29,24
PHX,2010-10-29,16
PHX,2010-11-14,15
PHX,2011-01-05,16
PHX,2011-03-22,29
PHX,2012-01-10,32
PHX,2012-02-17,27
PHX,2012-02-19,21
PHX,2012-11-16,19
PHX,2013-01-30,14
PHX,2013-02-12,2
PHX,2013-12-10,6
PHX,2014-10-29,21
PHX,2014-11-04,31
PHX,2014-12-28,9
PHX,2016-03-23,13
POR,1997-01-06,7
POR,1997-04-25,2
POR,1997-04-27,2
POR,1997-04-30,14
POR,1997-12-08,11
POR,1998-02-04,13
POR,1998-02-10,12
POR,1998-03-11,9
POR,1998-04-24,2
POR,1998-04-26,2
POR,1998-04-28,2
POR,1998-04-30,17
POR,1999-04-13,10
POR,1999-04-21,14
POR,1999-04-29,6
POR,1999-05-05,8
POR,1999-12-03,12
POR,2000-01-22,24
POR,2000-02-29,10
POR,2000-05-20,6
POR,2000-05-22,2
POR,2000-05-26,19
POR,2000-05-28,10
POR,2000-05-30,9
POR,2000-06-02,25
POR,2000-06-04,17
POR,2000-10-31,8
POR,2000-12-13,22
POR,2000-12-25,16
POR,2001-04-15,14
POR,2001-04-22,17
POR,2001-04-26,15
POR,2001-04-29,14
POR,2001-10-30,21
POR,2002-02-17,22
POR,2002-03-29,22
POR,2002-04-14,10
POR,2002-04-21,18
POR,2002-04-25,9
POR,2002-04-28,17
POR,2002-10-30,17
POR,2002-11-03,22
POR,2003-02-21,28
POR,2003-04-13,21
POR,2003-12-13,18
POR,2004-02-17,20
POR,2004-04-06,6
POR,2004-04-14,30
POR,2005-02-23,16
POR,2005-04-20,20
POR,2006-01-11,24
POR,2006-02-21,21
POR,2006-03-01,16
POR,2006-04-14,34
POR,2006-11-08,20
POR,2007-02-21,14
POR,2007-03-16,45
POR,2008-02-26,23
POR,2008-02-29,22
POR,2008-04-02,21
POR,2008-04-08,22
POR,2008-10-28,11
POR,2009-01-04,14
POR,2009-03-09,22
POR,2009-04-10,18
POR,2010-01-08,28
POR,2010-04-11,17
POR,2010-11-07,6
POR,2011-02-23,24
POR,2011-03-20,20
POR,2011-04-08,20
POR,2012-01-05,24
POR,2012-02-20,21
POR,2012-03-23,7
POR,2012-10-31,22
POR,2012-12-28,13
POR,2013-02-22,27
POR,2013-04-10,23
POR,2015-11-22,8
POR,2015-11-28,15
POR,2016-01-23,10
SAC,1996-12-10,0
SAC,1997-01-02,4
SAC,1997-01-03,10
SAC,1997-04-17,2
SAC,1997-11-04,4
SAC,1997-12-30,8
SAC,1998-03-22,2
SAC,1998-03-25,4
SAC,1999-03-14,19
SAC,1999-03-26,17
SAC,1999-04-07,14
SAC,1999-12-08,20
SAC,2000-03-12,30
SAC,2000-03-26,14
SAC,2000-04-14,27
SAC,2000-04-23,22
SAC,2000-04-27,27
SAC,2000-04-30,24
SAC,2000-05-02,22
SAC,2000-05-05,13
SAC,2000-11-16,15
SAC,2001-02-04,14
SAC,2001-05-06,14
SAC,2001-05-08,18
SAC,2001-05-11,18
SAC,2001-05-13,29
SAC,2001-11-18,16
SAC,2001-12-07,16
SAC,2002-03-24,22
SAC,2002-04-17,16
SAC,2002-05-18,20
SAC,2002-05-20,15
SAC,2002-05-24,17
SAC,2002-05-26,18
SAC,2002-05-28,20
SAC,2002-05-31,18
SAC,2002-06-02,20
SAC,2002-12-25,15
SAC,2003-01-31,26
SAC,2003-03-20,19
SAC,2003-04-10,22
SAC,2004-02-26,19
SAC,2004-03-24,19
SAC,2004-04-11,4
SAC,2004-11-26,18
SAC,2004-12-16,19
SAC,2005-04-10,15
SAC,2006-01-19,31
SAC,2006-02-23,30
SAC,2006-03-14,24
SAC,2006-03-22,18
SAC,2007-01-04,20
SAC,2007-03-02,19
SAC,2007-04-01,13
SAC,2007-04-18,20
SAC,2008-03-04,16
SAC,2008-03-09,12
SAC,2008-04-06,20
SAC,2008-04-15,5
SAC,2008-11-23,14
SAC,2008-12-09,16
SAC,2008-12-12,22
SAC,2009-04-07,14
SAC,2009-12-26,33
SAC,2010-01-01,26
SAC,2010-03-16,20
SAC,2010-11-03,17
SAC,2010-12-03,16
SAC,2011-01-28,23
SAC,2011-04-13,27
SAC,2011-12-26,20
SAC,2012-03-02,23
SAC,2012-11-11,14
SAC,2012-11-21,25
SAC,2013-03-30,8
SAC,2014-12-09,20
SAC,2014-12-21,19
SAC,2015-10-30,11
SAC,2016-01-07,18
SAC,2016-01-20,10
SAS,1996-11-13,5
SAS,1997-01-29,9
SAS,1997-04-04,8
SAS,1997-12-05,3
SAS,1998-03-06,0
SAS,1998-04-13,10
SAS,1999-02-08,15
SAS,1999-02-19,12
SAS,1999-04-24,10
SAS,1999-05-17,10
SAS,1999-05-19,23
SAS,1999-05-22,13
SAS,1999-05-23,12
SAS,1999-12-25,12
SAS,2000-02-01,14
SAS,2000-04-08,14
SAS,2000-04-19,20
SAS,2000-11-08,25
SAS,2000-12-01,32
SAS,2001-03-09,24
SAS,2001-05-19,33
SAS,2001-05-21,19
SAS,2001-05-25,24
SAS,2001-05-27,15
SAS,2002-01-19,19
SAS,2002-01-25,14
SAS,2002-03-20,14
SAS,2002-03-31,20
SAS,2002-05-05,12
SAS,2002-05-07,20
SAS,2002-05-10,18
SAS,2002-05-12,23
SAS,2002-05-14,18
SAS,2002-10-29,17
SAS,2002-11-20,12
SAS,2003-02-14,33
SAS,2003-03-23,15
SAS,2003-05-05,29
SAS,2003-05-07,14
SAS,2003-05-09,20
SAS,2003-05-11,17
SAS,2003-05-13,29
SAS,2003-05-15,18
SAS,2003-11-06,23
SAS,2003-11-28,9
SAS,2003-12-03,13
SAS,2004-04-04,18
SAS,2004-05-02,20
SAS,2004-05-05,8
SAS,2004-05-09,18
SAS,2004-05-11,26
SAS,2004-05-13,22
SAS,2004-05-15,18
SAS,2004-11-05,17
SAS,2005-01-04,10
SAS,2005-04-02,13
SAS,2005-11-29,18
SAS,2006-03-06,35
SAS,2006-03-10,21
SAS,2006-03-30,10
SAS,2006-12-10,25
SAS,2007-01-17,8
SAS,2007-01-28,23
SAS,2007-11-13,16
SAS,2007-12-13,17
SAS,2008-01-23,23
SAS,2008-04-13,12
SAS,2008-05-21,21
SAS,2008-05-23,17
SAS,2008-05-25,20
SAS,2008-05-27,26
SAS,2008-05-29,31
SAS,2009-01-14,18
SAS,2009-01-25,14
SAS,2009-03-12,17
SAS,2010-01-12,13
SAS,2010-03-24,17
SAS,2010-04-04,10
SAS,2010-12-28,14
SAS,2011-02-03,8
SAS,2011-03-06,23
SAS,2011-04-12,11
SAS,2012-04-20,13
SAS,2012-11-13,22
SAS,2013-01-09,17
SAS,2014-11-14,2
SAS,2014-12-12,6
SAS,2015-12-11,11
SAS,2016-01-22,5
SAS,2016-02-06,20
SAS,2016-02-19,17
SEA,1997-01-26,5
SEA,1997-02-16,0
SEA,1997-04-01,9
SEA,1998-01-24,9
SEA,1998-02-13,8
SEA,1998-03-16,0
SEA,1998-03-20,8
SEA,1998-05-04,2
SEA,1998-05-12,2
SEA,1999-02-21,15
SEA,1999-03-05,12
SEA,1999-04-11,8
SEA,1999-05-02,23
SEA,2000-01-08,17
SEA,2000-01-17,8
SEA,2000-04-10,22
SEA,2000-11-30,12
SEA,2000-12-08,16
SEA,2001-01-23,6
SEA,2001-11-30,18
SEA,2001-12-11,10
SEA,2002-02-14,14
SEA,2002-04-15,9
SEA,2003-01-07,36
SEA,2003-02-23,18
SEA,2003-02-28,22
SEA,2003-03-30,11
SEA,2004-01-02,22
SEA,2004-01-28,10
SEA,2004-04-02,15
SEA,2004-12-14,25
SEA,2005-03-20,23
SEA,2005-04-08,35
SEA,2005-11-24,28
SEA,2006-03-12,11
SEA,2006-03-31,33
SEA,2006-11-03,12
SEA,2006-11-05,8
SEA,2007-04-06,18
SEA,2007-04-15,31
SEA,2007-11-27,25
SEA,2008-01-14,40
SEA,2008-02-24,17
SEA,2008-03-21,14
TOR,1996-11-08,6
TOR,1997-03-16,3
TOR,1997-11-30,4
TOR,1998-03-31,14
TOR,1999-12-19,18
TOR,2000-12-17,27
TOR,2001-03-07,20
TOR,2001-12-28,16
TOR,2002-01-06,22
TOR,2002-12-22,22
TOR,2002-12-29,6
TOR,2003-11-12,9
TOR,2004-12-28,32
TOR,2005-02-27,23
TOR,2005-12-07,8
TOR,2006-01-22,50
TOR,2006-11-17,16
TOR,2007-02-09,14
TOR,2008-02-01,31
TOR,2008-03-11,23
TOR,2008-11-30,14
TOR,2009-02-04,28
TOR,2010-01-24,19
TOR,2010-03-09,16
TOR,2010-11-05,8
TOR,2010-12-19,10
TOR,2012-02-12,21
TOR,2013-01-20,21
TOR,2013-03-08,13
TOR,2013-12-08,4
TOR,2014-11-30,16
TOR,2015-11-20,8
TOR,2015-12-07,14
UTA,1996-11-20,6
UTA,1996-12-04,0
UTA,1997-04-09,0
UTA,1997-04-13,6
UTA,1997-05-04,3
UTA,1997-05-06,2
UTA,1997-05-08,4
UTA,1997-05-10,3
UTA,1997-05-12,8
UTA,1997-10-31,10
UTA,1997-11-18,4
UTA,1998-03-28,0
UTA,1998-04-19,19
UTA,1998-05-16,4
UTA,1998-05-18,6
UTA,1998-05-22,2
UTA,1998-05-24,4
UTA,1999-02-07,10
UTA,1999-03-07,14
UTA,1999-04-06,12
UTA,1999-04-17,14
UTA,2000-01-24,17
UTA,2000-02-04,8
UTA,2000-11-01,15
UTA,2001-01-03,22
UTA,2001-01-13,14
UTA,2001-11-01,17
UTA,2001-11-04,26
UTA,2002-03-06,11
UTA,2002-04-09,12
UTA,2002-12-04,10
UTA,2002-12-08,18
UTA,2003-02-01,26
UTA,2003-02-19,25
UTA,2003-12-07,7
UTA,2004-01-24,10
UTA,2004-03-28,15
UTA,2004-11-03,18
UTA,2005-02-15,19
UTA,2005-03-22,39
UTA,2005-12-01,24
UTA,2006-02-13,12
UTA,2006-11-24,18
UTA,2006-11-30,34
UTA,2007-02-26,8
UTA,2007-11-04,25
UTA,2007-11-30,14
UTA,2007-12-28,25
UTA,2008-03-20,18
UTA,2008-05-04,15
UTA,2008-05-07,14
UTA,2008-05-09,16
UTA,2008-05-11,21
UTA,2008-05-14,13
UTA,2008-05-16,14
UTA,2009-01-02,22
UTA,2009-02-11,25
UTA,2009-04-14,11
UTA,2009-04-19,10
UTA,2009-04-21,15
UTA,2009-04-23,6
UTA,2009-04-25,27
UTA,2009-04-27,21
UTA,2009-12-09,19
UTA,2009-12-12,13
UTA,2010-04-02,8
UTA,2010-05-02,20
UTA,2010-05-04,16
UTA,2010-05-08,29
UTA,2010-05-10,16
UTA,2010-11-26,18
UTA,2011-01-25,12
UTA,2011-04-01,11
UTA,2011-04-05,12
UTA,2011-12-27,12
UTA,2012-01-11,23
UTA,2012-02-04,12
UTA,2012-03-18,5
UTA,2012-11-07,14
UTA,2012-12-09,18
UTA,2013-01-25,14
UTA,2016-01-16,4
UTA,2016-03-28,0
UTA,2016-04-13,44
VAN,1997-01-05,13
VAN,1997-01-14,2
VAN,1997-02-21,2
VAN,1997-03-27,13
VAN,1997-11-16,5
VAN,1998-01-06,11
VAN,1998-03-15,9
VAN,1998-04-08,9
VAN,1999-02-23,8
VAN,1999-03-29,12
VAN,1999-04-19,10
VAN,1999-12-11,10
VAN,2000-03-01,17
VAN,2000-03-29,22
VAN,2000-11-04,15
VAN,2000-12-15,13
VAN,2001-01-15,20
VAN,2001-03-03,10
WAS,1997-02-02,4
WAS,1998-03-02,4
WAS,1998-03-29,6
WAS,1999-12-07,8
WAS,2000-03-16,2
WAS,2001-03-16,17
WAS,2002-02-12,14
WAS,2002-04-02,12
WAS,2002-11-08,12
WAS,2003-03-28,34
WAS,2003-11-26,11
WAS,2004-02-28,16
WAS,2004-12-17,18
WAS,2005-03-14,11
WAS,2005-12-16,26
WAS,2005-12-26,20
WAS,2006-12-17,24
WAS,2007-02-03,28
WAS,2008-02-03,15
WAS,2008-03-30,14
WAS,2008-12-05,8
WAS,2009-01-22,7
WAS,2010-01-26,14
WAS,2010-03-21,22
WAS,2010-12-07,19
WAS,2010-12-14,14
WAS,2012-03-07,19
WAS,2012-12-14,12
WAS,2013-03-22,17
WAS,2014-12-03,15
WAS,2015-12-02,24
WAS,2016-03-27,12